X;Y;Z;CODE;ERRP;NDEC;NAME
121.102897;24.690179;30;a0a2ff1c-f8f7-4812-973e-fb913456e107;0.05;0;竹東圳第一站
